<?xml version="1.0.1" encoding="UTF-8" standalone="yes"?>
<addon id="repository.randomrobbies" name="Random Robbie Addon Repository" version="1.0.1" provider-name="Rob">
	<extension point="xbmc.addon.repository" name="Random Robbie Addon Repository">
		<info compressed="false">https://raw.githubusercontent.com/random-robbie/kodi-repo/master/addons.xml</info>
		<checksum>https://raw.githubusercontent.com/random-robbie/kodi-repo/master/addons.xml.md5</checksum>
		<datadir zip="true">https://github.com/random-robbie/kodi-repo/raw/master/zips</datadir>
	</extension>
	<extension point="xbmc.addon.metadata">
		<summary>Install my Addons</summary>
		<description>Download and install addons from @random_robbie</description>
		<platform>all</platform>
	</extension>
</addon>

